"No.","Time","Source","Destination","Protocol","Length","Frame length on the wire","Info"
"1","0.000000","10.0.1.100","10.0.0.100","TCP","74","74","47499  >  1883 [SYN] Seq=0 Win=42340 Len=0 MSS=1460 SACK_PERM TSval=2897368873 TSecr=0 WS=512"
"2","0.003198","10.0.0.100","10.0.1.100","TCP","74","74","1883  >  47499 [SYN, ACK] Seq=0 Ack=1 Win=43440 Len=0 MSS=1460 SACK_PERM TSval=690294256 TSecr=2897368873 WS=512"
"3","0.003217","10.0.1.100","10.0.0.100","TCP","66","66","47499  >  1883 [ACK] Seq=1 Ack=1 Win=42496 Len=0 TSval=2897368877 TSecr=690294256"
"4","0.003388","10.0.1.100","10.0.0.100","MQTT","80","80","Connect Command"
"5","0.005255","10.0.0.100","10.0.1.100","TCP","66","66","1883  >  47499 [ACK] Seq=1 Ack=15 Win=43520 Len=0 TSval=690294258 TSecr=2897368877"
"6","0.005264","10.0.1.100","10.0.0.100","MQTT","92","92","Publish Message [test/topic]"
"7","0.007457","10.0.0.100","10.0.1.100","TCP","66","66","1883  >  47499 [ACK] Seq=1 Ack=41 Win=43520 Len=0 TSval=690294260 TSecr=2897368879"
"8","0.007656","10.0.0.100","10.0.1.100","MQTT","70","70","Connect Ack"
"9","0.007661","10.0.1.100","10.0.0.100","TCP","66","66","47499  >  1883 [ACK] Seq=41 Ack=5 Win=42496 Len=0 TSval=2897368881 TSecr=690294262"
"10","3.006651","10.0.1.100","10.0.0.100","MQTT","92","92","Publish Message [test/topic]"
"11","3.047720","10.0.0.100","10.0.1.100","TCP","66","66","1883  >  47499 [ACK] Seq=5 Ack=67 Win=43520 Len=0 TSval=690297302 TSecr=2897371880"
"12","3.359679","fe80::cc51:60ff:febc:752d","ff02::2","ICMPv6","70","70","Router Solicitation from ce:51:60:bc:75:2d"
"13","6.009895","10.0.1.100","10.0.0.100","MQTT","92","92","Publish Message [test/topic]"
"14","6.009959","10.0.0.100","10.0.1.100","TCP","66","66","1883  >  47499 [ACK] Seq=5 Ack=93 Win=43520 Len=0 TSval=690300264 TSecr=2897374883"
"15","7.252160","10.0.1.100","10.0.0.100","TCP","74","74","50518  >  9092 [SYN] Seq=0 Win=42340 Len=0 MSS=1460 SACK_PERM TSval=2897376125 TSecr=0 WS=512"
"16","7.255337","10.0.0.100","10.0.1.100","TCP","74","74","9092  >  50518 [SYN, ACK] Seq=0 Ack=1 Win=43440 Len=0 MSS=1460 SACK_PERM TSval=690301508 TSecr=2897376125 WS=512"
"17","7.255353","10.0.1.100","10.0.0.100","TCP","66","66","50518  >  9092 [ACK] Seq=1 Ack=1 Win=42496 Len=0 TSval=2897376129 TSecr=690301508"
"18","7.256778","10.0.0.100","10.0.1.100","TCP","118","118","9092  >  50518 [PSH, ACK] Seq=1 Ack=1 Win=43520 Len=52 TSval=690301510 TSecr=2897376129 [TCP segment of a reassembled PDU]"
"19","7.256784","10.0.1.100","10.0.0.100","TCP","66","66","50518  >  9092 [ACK] Seq=1 Ack=53 Win=42496 Len=0 TSval=2897376130 TSecr=690301510"
"20","7.258769","10.0.1.100","10.0.0.100","TCP","148","148","50518  >  9092 [PSH, ACK] Seq=1 Ack=53 Win=42496 Len=82 TSval=2897376132 TSecr=690301510 [TCP segment of a reassembled PDU]"
"21","7.259225","10.0.1.100","10.0.0.100","TCP","329","329","50518  >  9092 [PSH, ACK] Seq=83 Ack=53 Win=42496 Len=263 TSval=2897376133 TSecr=690301510 [TCP segment of a reassembled PDU]"
"22","7.259483","10.0.0.100","10.0.1.100","TCP","78","78","[TCP Dup ACK 16#1] 9092  >  50518 [ACK] Seq=53 Ack=1 Win=43520 Len=0 TSval=690301514 TSecr=2897376130 SLE=83 SRE=346"
"23","7.259710","10.0.0.100","10.0.1.100","TCP","66","66","9092  >  50518 [ACK] Seq=53 Ack=346 Win=43520 Len=0 TSval=690301514 TSecr=2897376132"
"24","7.259855","10.0.0.100","10.0.1.100","TCP","75","75","9092  >  50518 [PSH, ACK] Seq=53 Ack=346 Win=43520 Len=9 TSval=690301514 TSecr=2897376132 [TCP segment of a reassembled PDU]"
"25","7.303616","10.0.1.100","10.0.0.100","TCP","66","66","50518  >  9092 [ACK] Seq=346 Ack=62 Win=42496 Len=0 TSval=2897376177 TSecr=690301514"
"26","9.011853","10.0.1.100","10.0.0.100","MQTT","92","92","Publish Message [test/topic]"
"27","9.011921","10.0.0.100","10.0.1.100","TCP","66","66","1883  >  47499 [ACK] Seq=5 Ack=119 Win=43520 Len=0 TSval=690303266 TSecr=2897377885"
"28","9.324774","10.0.0.100","10.0.1.100","TCP","1514","1514","9092  >  50518 [ACK] Seq=62 Ack=346 Win=43520 Len=1448 TSval=690303579 TSecr=2897376177 [TCP segment of a reassembled PDU]"
"29","9.324792","10.0.1.100","10.0.0.100","TCP","66","66","50518  >  9092 [ACK] Seq=346 Ack=1510 Win=41984 Len=0 TSval=2897378198 TSecr=690303579"
"30","9.324851","10.0.0.100","10.0.1.100","TCP","1514","1514","9092  >  50518 [ACK] Seq=1510 Ack=346 Win=43520 Len=1448 TSval=690303579 TSecr=2897378198 [TCP segment of a reassembled PDU]"
"31","9.324861","10.0.1.100","10.0.0.100","TCP","66","66","50518  >  9092 [ACK] Seq=346 Ack=2958 Win=41984 Len=0 TSval=2897378198 TSecr=690303579"
"32","9.324945","10.0.1.100","10.0.0.100","TCP","109","109","50518  >  9092 [PSH, ACK] Seq=346 Ack=2958 Win=42496 Len=43 TSval=2897378198 TSecr=690303579 [TCP segment of a reassembled PDU]"
"33","9.336255","10.0.0.100","10.0.1.100","TCP","1514","1514","9092  >  50518 [ACK] Seq=2958 Ack=346 Win=43520 Len=1448 TSval=690303579 TSecr=2897378198 [TCP segment of a reassembled PDU]"
"34","9.348362","10.0.0.100","10.0.1.100","TCP","1514","1514","9092  >  50518 [ACK] Seq=4406 Ack=346 Win=43520 Len=1448 TSval=690303579 TSecr=2897378198 [TCP segment of a reassembled PDU]"
"35","9.348426","10.0.1.100","10.0.0.100","TCP","66","66","50518  >  9092 [ACK] Seq=389 Ack=5854 Win=42496 Len=0 TSval=2897378222 TSecr=690303579"
"36","9.360480","10.0.0.100","10.0.1.100","TCP","1514","1514","9092  >  50518 [ACK] Seq=5854 Ack=346 Win=43520 Len=1448 TSval=690303579 TSecr=2897378198 [TCP segment of a reassembled PDU]"
"37","9.372606","10.0.0.100","10.0.1.100","Kafka","1514","1514","Kafka Response (Undecoded, Request Missing)"
"38","9.372667","10.0.1.100","10.0.0.100","TCP","66","66","50518  >  9092 [ACK] Seq=389 Ack=8750 Win=41984 Len=0 TSval=2897378246 TSecr=690303579"
"39","9.384694","10.0.0.100","10.0.1.100","TCP","1514","1514","9092  >  50518 [ACK] Seq=8750 Ack=346 Win=43520 Len=1448 TSval=690303579 TSecr=2897378198 [TCP segment of a reassembled PDU]"
"40","9.396800","10.0.0.100","10.0.1.100","TCP","1514","1514","9092  >  50518 [ACK] Seq=10198 Ack=346 Win=43520 Len=1448 TSval=690303579 TSecr=2897378198 [TCP segment of a reassembled PDU]"
"41","9.396810","10.0.1.100","10.0.0.100","TCP","66","66","50518  >  9092 [ACK] Seq=389 Ack=11646 Win=41984 Len=0 TSval=2897378270 TSecr=690303579"
"42","9.408921","10.0.0.100","10.0.1.100","TCP","1514","1514","9092  >  50518 [ACK] Seq=11646 Ack=346 Win=43520 Len=1448 TSval=690303579 TSecr=2897378198 [TCP segment of a reassembled PDU]"
"43","9.421018","10.0.0.100","10.0.1.100","TCP","1514","1514","9092  >  50518 [ACK] Seq=13094 Ack=346 Win=43520 Len=1448 TSval=690303579 TSecr=2897378198 [TCP segment of a reassembled PDU]"
"44","9.421029","10.0.1.100","10.0.0.100","TCP","66","66","50518  >  9092 [ACK] Seq=389 Ack=14542 Win=41984 Len=0 TSval=2897378294 TSecr=690303579"
"45","9.433133","10.0.0.100","10.0.1.100","TCP","1514","1514","9092  >  50518 [ACK] Seq=14542 Ack=389 Win=43520 Len=1448 TSval=690303579 TSecr=2897378198 [TCP segment of a reassembled PDU]"
"46","9.445252","10.0.0.100","10.0.1.100","TCP","1514","1514","9092  >  50518 [ACK] Seq=15990 Ack=389 Win=43520 Len=1448 TSval=690303579 TSecr=2897378198 [TCP segment of a reassembled PDU]"
"47","9.445262","10.0.1.100","10.0.0.100","TCP","66","66","50518  >  9092 [ACK] Seq=389 Ack=17438 Win=41984 Len=0 TSval=2897378319 TSecr=690303579"
"48","9.457374","10.0.0.100","10.0.1.100","TCP","1514","1514","9092  >  50518 [ACK] Seq=17438 Ack=389 Win=43520 Len=1448 TSval=690303602 TSecr=2897378198 [TCP segment of a reassembled PDU]"
"49","9.469471","10.0.0.100","10.0.1.100","TCP","1514","1514","9092  >  50518 [ACK] Seq=18886 Ack=389 Win=43520 Len=1448 TSval=690303603 TSecr=2897378222 [TCP segment of a reassembled PDU]"
"50","9.469482","10.0.1.100","10.0.0.100","TCP","66","66","50518  >  9092 [ACK] Seq=389 Ack=20334 Win=41984 Len=0 TSval=2897378343 TSecr=690303602"
"51","9.481584","10.0.0.100","10.0.1.100","TCP","1514","1514","9092  >  50518 [PSH, ACK] Seq=20334 Ack=389 Win=43520 Len=1448 TSval=690303603 TSecr=2897378222 [TCP segment of a reassembled PDU]"
"52","9.493694","10.0.0.100","10.0.1.100","TCP","1514","1514","9092  >  50518 [ACK] Seq=21782 Ack=389 Win=43520 Len=1448 TSval=690303603 TSecr=2897378222 [TCP segment of a reassembled PDU]"
"53","9.493705","10.0.1.100","10.0.0.100","TCP","66","66","50518  >  9092 [ACK] Seq=389 Ack=23230 Win=41984 Len=0 TSval=2897378367 TSecr=690303603"
"54","9.505817","10.0.0.100","10.0.1.100","TCP","1514","1514","9092  >  50518 [ACK] Seq=23230 Ack=389 Win=43520 Len=1448 TSval=690303627 TSecr=2897378246 [TCP segment of a reassembled PDU]"
"55","9.517921","10.0.0.100","10.0.1.100","TCP","1514","1514","9092  >  50518 [ACK] Seq=24678 Ack=389 Win=43520 Len=1448 TSval=690303627 TSecr=2897378246 [TCP segment of a reassembled PDU]"
"56","9.517932","10.0.1.100","10.0.0.100","TCP","66","66","50518  >  9092 [ACK] Seq=389 Ack=26126 Win=41984 Len=0 TSval=2897378391 TSecr=690303627"
"57","9.530047","10.0.0.100","10.0.1.100","TCP","1514","1514","9092  >  50518 [ACK] Seq=26126 Ack=389 Win=43520 Len=1448 TSval=690303627 TSecr=2897378246 [TCP segment of a reassembled PDU]"
"58","9.542147","10.0.0.100","10.0.1.100","TCP","1514","1514","9092  >  50518 [ACK] Seq=27574 Ack=389 Win=43520 Len=1448 TSval=690303627 TSecr=2897378246 [TCP segment of a reassembled PDU]"
"59","9.542167","10.0.1.100","10.0.0.100","TCP","66","66","50518  >  9092 [ACK] Seq=389 Ack=29022 Win=41984 Len=0 TSval=2897378415 TSecr=690303627"
"60","9.554256","10.0.0.100","10.0.1.100","TCP","1514","1514","9092  >  50518 [ACK] Seq=29022 Ack=389 Win=43520 Len=1448 TSval=690303651 TSecr=2897378270 [TCP segment of a reassembled PDU]"
"61","9.566388","10.0.0.100","10.0.1.100","TCP","1514","1514","9092  >  50518 [ACK] Seq=30470 Ack=389 Win=43520 Len=1448 TSval=690303651 TSecr=2897378270 [TCP segment of a reassembled PDU]"
"62","9.566399","10.0.1.100","10.0.0.100","TCP","66","66","50518  >  9092 [ACK] Seq=389 Ack=31918 Win=41984 Len=0 TSval=2897378440 TSecr=690303651"
"63","9.578480","10.0.0.100","10.0.1.100","TCP","1514","1514","9092  >  50518 [PSH, ACK] Seq=31918 Ack=389 Win=43520 Len=1448 TSval=690303651 TSecr=2897378270 [TCP segment of a reassembled PDU]"
"64","9.590592","10.0.0.100","10.0.1.100","TCP","1514","1514","9092  >  50518 [ACK] Seq=33366 Ack=389 Win=43520 Len=1448 TSval=690303651 TSecr=2897378270 [TCP segment of a reassembled PDU]"
"65","9.590603","10.0.1.100","10.0.0.100","TCP","66","66","50518  >  9092 [ACK] Seq=389 Ack=34814 Win=45568 Len=0 TSval=2897378464 TSecr=690303651"
"66","9.602704","10.0.0.100","10.0.1.100","TCP","1514","1514","9092  >  50518 [ACK] Seq=34814 Ack=389 Win=43520 Len=1448 TSval=690303675 TSecr=2897378294 [TCP segment of a reassembled PDU]"
"67","9.614816","10.0.0.100","10.0.1.100","TCP","1514","1514","9092  >  50518 [ACK] Seq=36262 Ack=389 Win=43520 Len=1448 TSval=690303675 TSecr=2897378294 [TCP segment of a reassembled PDU]"
"68","9.614827","10.0.1.100","10.0.0.100","TCP","66","66","50518  >  9092 [ACK] Seq=389 Ack=37710 Win=51200 Len=0 TSval=2897378488 TSecr=690303675"
"69","9.626913","10.0.0.100","10.0.1.100","TCP","1514","1514","9092  >  50518 [ACK] Seq=37710 Ack=389 Win=43520 Len=1448 TSval=690303675 TSecr=2897378294 [TCP segment of a reassembled PDU]"
"70","9.639038","10.0.0.100","10.0.1.100","TCP","1514","1514","9092  >  50518 [ACK] Seq=39158 Ack=389 Win=43520 Len=1448 TSval=690303675 TSecr=2897378294 [TCP segment of a reassembled PDU]"
"71","9.639049","10.0.1.100","10.0.0.100","TCP","66","66","50518  >  9092 [ACK] Seq=389 Ack=40606 Win=56832 Len=0 TSval=2897378512 TSecr=690303675"
"72","9.651149","10.0.0.100","10.0.1.100","TCP","1514","1514","9092  >  50518 [ACK] Seq=40606 Ack=389 Win=43520 Len=1448 TSval=690303700 TSecr=2897378319 [TCP segment of a reassembled PDU]"
"73","9.663261","10.0.0.100","10.0.1.100","TCP","1514","1514","9092  >  50518 [ACK] Seq=42054 Ack=389 Win=43520 Len=1448 TSval=690303700 TSecr=2897378319 [TCP segment of a reassembled PDU]"
"74","9.663272","10.0.1.100","10.0.0.100","TCP","66","66","50518  >  9092 [ACK] Seq=389 Ack=43502 Win=62976 Len=0 TSval=2897378537 TSecr=690303700"
"75","9.675375","10.0.0.100","10.0.1.100","TCP","1514","1514","9092  >  50518 [ACK] Seq=43502 Ack=389 Win=43520 Len=1448 TSval=690303700 TSecr=2897378319 [TCP segment of a reassembled PDU]"
"76","9.687487","10.0.0.100","10.0.1.100","TCP","1514","1514","9092  >  50518 [ACK] Seq=44950 Ack=389 Win=43520 Len=1448 TSval=690303700 TSecr=2897378319 [TCP segment of a reassembled PDU]"
"77","9.687497","10.0.1.100","10.0.0.100","TCP","66","66","50518  >  9092 [ACK] Seq=389 Ack=46398 Win=68608 Len=0 TSval=2897378561 TSecr=690303700"
"78","9.699601","10.0.0.100","10.0.1.100","TCP","1514","1514","9092  >  50518 [ACK] Seq=46398 Ack=389 Win=43520 Len=1448 TSval=690303724 TSecr=2897378343 [TCP segment of a reassembled PDU]"
"79","9.711689","10.0.0.100","10.0.1.100","TCP","1514","1514","9092  >  50518 [PSH, ACK] Seq=47846 Ack=389 Win=43520 Len=1448 TSval=690303724 TSecr=2897378343 [TCP segment of a reassembled PDU]"
"80","9.711700","10.0.1.100","10.0.0.100","TCP","66","66","50518  >  9092 [ACK] Seq=389 Ack=49294 Win=74240 Len=0 TSval=2897378585 TSecr=690303724"
"81","9.723824","10.0.0.100","10.0.1.100","TCP","1514","1514","9092  >  50518 [ACK] Seq=49294 Ack=389 Win=43520 Len=1448 TSval=690303724 TSecr=2897378343 [TCP segment of a reassembled PDU]"
"82","9.735933","10.0.0.100","10.0.1.100","TCP","1514","1514","9092  >  50518 [ACK] Seq=50742 Ack=389 Win=43520 Len=1448 TSval=690303724 TSecr=2897378343 [TCP segment of a reassembled PDU]"
"83","9.735944","10.0.1.100","10.0.0.100","TCP","66","66","50518  >  9092 [ACK] Seq=389 Ack=52190 Win=80384 Len=0 TSval=2897378609 TSecr=690303724"
"84","9.748048","10.0.0.100","10.0.1.100","TCP","1514","1514","9092  >  50518 [ACK] Seq=52190 Ack=389 Win=43520 Len=1448 TSval=690303748 TSecr=2897378367 [TCP segment of a reassembled PDU]"
"85","9.760157","10.0.0.100","10.0.1.100","TCP","1514","1514","9092  >  50518 [ACK] Seq=53638 Ack=389 Win=43520 Len=1448 TSval=690303748 TSecr=2897378367 [TCP segment of a reassembled PDU]"
"86","9.760167","10.0.1.100","10.0.0.100","TCP","66","66","50518  >  9092 [ACK] Seq=389 Ack=55086 Win=86016 Len=0 TSval=2897378633 TSecr=690303748"
"87","9.772270","10.0.0.100","10.0.1.100","TCP","1514","1514","9092  >  50518 [ACK] Seq=55086 Ack=389 Win=43520 Len=1448 TSval=690303748 TSecr=2897378367 [TCP segment of a reassembled PDU]"
"88","9.784386","10.0.0.100","10.0.1.100","TCP","1514","1514","9092  >  50518 [ACK] Seq=56534 Ack=389 Win=43520 Len=1448 TSval=690303748 TSecr=2897378367 [TCP segment of a reassembled PDU]"
"89","9.784397","10.0.1.100","10.0.0.100","TCP","66","66","50518  >  9092 [ACK] Seq=389 Ack=57982 Win=91648 Len=0 TSval=2897378658 TSecr=690303748"
"90","9.796494","10.0.0.100","10.0.1.100","TCP","1514","1514","9092  >  50518 [ACK] Seq=57982 Ack=389 Win=43520 Len=1448 TSval=690303772 TSecr=2897378391 [TCP segment of a reassembled PDU]"
"91","9.808575","10.0.0.100","10.0.1.100","TCP","1514","1514","9092  >  50518 [ACK] Seq=59430 Ack=389 Win=43520 Len=1448 TSval=690303772 TSecr=2897378391 [TCP segment of a reassembled PDU]"
"92","9.808585","10.0.1.100","10.0.0.100","TCP","66","66","50518  >  9092 [ACK] Seq=389 Ack=60878 Win=97280 Len=0 TSval=2897378682 TSecr=690303772"
"93","9.820704","10.0.0.100","10.0.1.100","TCP","1514","1514","9092  >  50518 [ACK] Seq=60878 Ack=389 Win=43520 Len=1448 TSval=690303772 TSecr=2897378391 [TCP segment of a reassembled PDU]"
"94","9.832828","10.0.0.100","10.0.1.100","TCP","1514","1514","9092  >  50518 [ACK] Seq=62326 Ack=389 Win=43520 Len=1448 TSval=690303772 TSecr=2897378391 [TCP segment of a reassembled PDU]"
"95","9.832838","10.0.1.100","10.0.0.100","TCP","66","66","50518  >  9092 [ACK] Seq=389 Ack=63774 Win=103424 Len=0 TSval=2897378706 TSecr=690303772"
"96","9.844940","10.0.0.100","10.0.1.100","TCP","1514","1514","9092  >  50518 [ACK] Seq=63774 Ack=389 Win=43520 Len=1448 TSval=690303796 TSecr=2897378415 [TCP segment of a reassembled PDU]"
"97","9.857044","10.0.0.100","10.0.1.100","TCP","1514","1514","9092  >  50518 [PSH, ACK] Seq=65222 Ack=389 Win=43520 Len=1448 TSval=690303796 TSecr=2897378415 [TCP segment of a reassembled PDU]"
"98","9.857054","10.0.1.100","10.0.0.100","TCP","66","66","50518  >  9092 [ACK] Seq=389 Ack=66670 Win=109056 Len=0 TSval=2897378730 TSecr=690303796"
"99","9.869164","10.0.0.100","10.0.1.100","TCP","1514","1514","9092  >  50518 [ACK] Seq=66670 Ack=389 Win=43520 Len=1448 TSval=690303796 TSecr=2897378415 [TCP segment of a reassembled PDU]"
"100","9.881281","10.0.0.100","10.0.1.100","TCP","1514","1514","9092  >  50518 [ACK] Seq=68118 Ack=389 Win=43520 Len=1448 TSval=690303796 TSecr=2897378415 [TCP segment of a reassembled PDU]"
"101","9.881294","10.0.1.100","10.0.0.100","TCP","66","66","50518  >  9092 [ACK] Seq=389 Ack=69566 Win=114688 Len=0 TSval=2897378755 TSecr=690303796"
"102","9.893388","10.0.0.100","10.0.1.100","TCP","1514","1514","9092  >  50518 [ACK] Seq=69566 Ack=389 Win=43520 Len=1448 TSval=690303821 TSecr=2897378440 [TCP segment of a reassembled PDU]"
"103","9.905498","10.0.0.100","10.0.1.100","TCP","1514","1514","9092  >  50518 [ACK] Seq=71014 Ack=389 Win=43520 Len=1448 TSval=690303821 TSecr=2897378440 [TCP segment of a reassembled PDU]"
"104","9.905507","10.0.1.100","10.0.0.100","TCP","66","66","50518  >  9092 [ACK] Seq=389 Ack=72462 Win=120832 Len=0 TSval=2897378779 TSecr=690303821"
"105","9.917612","10.0.0.100","10.0.1.100","TCP","1514","1514","9092  >  50518 [ACK] Seq=72462 Ack=389 Win=43520 Len=1448 TSval=690303845 TSecr=2897378464 [TCP segment of a reassembled PDU]"
"106","9.929680","10.0.0.100","10.0.1.100","TCP","1514","1514","9092  >  50518 [ACK] Seq=73910 Ack=389 Win=43520 Len=1448 TSval=690303845 TSecr=2897378464 [TCP segment of a reassembled PDU]"
"107","9.929684","10.0.1.100","10.0.0.100","TCP","66","66","50518  >  9092 [ACK] Seq=389 Ack=75358 Win=126464 Len=0 TSval=2897378803 TSecr=690303845"
"108","9.941791","10.0.0.100","10.0.1.100","TCP","1514","1514","9092  >  50518 [ACK] Seq=75358 Ack=389 Win=43520 Len=1448 TSval=690303845 TSecr=2897378464 [TCP segment of a reassembled PDU]"
"109","9.953903","10.0.0.100","10.0.1.100","TCP","1514","1514","9092  >  50518 [ACK] Seq=76806 Ack=389 Win=43520 Len=1448 TSval=690303845 TSecr=2897378464 [TCP segment of a reassembled PDU]"
"110","9.953907","10.0.1.100","10.0.0.100","TCP","66","66","50518  >  9092 [ACK] Seq=389 Ack=78254 Win=132096 Len=0 TSval=2897378827 TSecr=690303845"
"111","9.966044","10.0.0.100","10.0.1.100","TCP","1514","1514","9092  >  50518 [ACK] Seq=78254 Ack=389 Win=43520 Len=1448 TSval=690303845 TSecr=2897378464 [TCP segment of a reassembled PDU]"
"112","9.978165","10.0.0.100","10.0.1.100","TCP","1514","1514","9092  >  50518 [ACK] Seq=79702 Ack=389 Win=43520 Len=1448 TSval=690303869 TSecr=2897378488 [TCP segment of a reassembled PDU]"
"113","9.978172","10.0.1.100","10.0.0.100","TCP","66","66","50518  >  9092 [ACK] Seq=389 Ack=81150 Win=138240 Len=0 TSval=2897378851 TSecr=690303845"
"114","9.990277","10.0.0.100","10.0.1.100","TCP","1514","1514","9092  >  50518 [ACK] Seq=81150 Ack=389 Win=43520 Len=1448 TSval=690303869 TSecr=2897378488 [TCP segment of a reassembled PDU]"
"115","10.002392","10.0.0.100","10.0.1.100","TCP","1514","1514","9092  >  50518 [ACK] Seq=82598 Ack=389 Win=43520 Len=1448 TSval=690303869 TSecr=2897378488 [TCP segment of a reassembled PDU]"
"116","10.002400","10.0.1.100","10.0.0.100","TCP","66","66","50518  >  9092 [ACK] Seq=389 Ack=84046 Win=143872 Len=0 TSval=2897378876 TSecr=690303869"
"117","10.014504","10.0.0.100","10.0.1.100","TCP","1514","1514","9092  >  50518 [ACK] Seq=84046 Ack=389 Win=43520 Len=1448 TSval=690303869 TSecr=2897378488 [TCP segment of a reassembled PDU]"
"118","10.026618","10.0.0.100","10.0.1.100","TCP","1514","1514","9092  >  50518 [ACK] Seq=85494 Ack=389 Win=43520 Len=1448 TSval=690303869 TSecr=2897378488 [TCP segment of a reassembled PDU]"
"119","10.026628","10.0.1.100","10.0.0.100","TCP","66","66","50518  >  9092 [ACK] Seq=389 Ack=86942 Win=149504 Len=0 TSval=2897378900 TSecr=690303869"
"120","10.038730","10.0.0.100","10.0.1.100","TCP","1514","1514","9092  >  50518 [PSH, ACK] Seq=86942 Ack=389 Win=43520 Len=1448 TSval=690303893 TSecr=2897378512 [TCP segment of a reassembled PDU]"
"121","10.050816","10.0.0.100","10.0.1.100","TCP","1514","1514","9092  >  50518 [ACK] Seq=88390 Ack=389 Win=43520 Len=1448 TSval=690303893 TSecr=2897378512 [TCP segment of a reassembled PDU]"
"122","10.050828","10.0.1.100","10.0.0.100","TCP","66","66","50518  >  9092 [ACK] Seq=389 Ack=89838 Win=155648 Len=0 TSval=2897378924 TSecr=690303893"
"123","10.062914","10.0.0.100","10.0.1.100","TCP","1514","1514","9092  >  50518 [ACK] Seq=89838 Ack=389 Win=43520 Len=1448 TSval=690303893 TSecr=2897378512 [TCP segment of a reassembled PDU]"
"124","10.075033","10.0.0.100","10.0.1.100","TCP","1514","1514","9092  >  50518 [PSH, ACK] Seq=91286 Ack=389 Win=43520 Len=1448 TSval=690303893 TSecr=2897378512 [TCP segment of a reassembled PDU]"
"125","10.075038","10.0.1.100","10.0.0.100","TCP","66","66","50518  >  9092 [ACK] Seq=389 Ack=92734 Win=161280 Len=0 TSval=2897378948 TSecr=690303893"
"126","10.087138","10.0.0.100","10.0.1.100","TCP","1514","1514","9092  >  50518 [ACK] Seq=92734 Ack=389 Win=43520 Len=1448 TSval=690303918 TSecr=2897378537 [TCP segment of a reassembled PDU]"
"127","10.099250","10.0.0.100","10.0.1.100","TCP","1514","1514","9092  >  50518 [ACK] Seq=94182 Ack=389 Win=43520 Len=1448 TSval=690303918 TSecr=2897378537 [TCP segment of a reassembled PDU]"
"128","10.099256","10.0.1.100","10.0.0.100","TCP","66","66","50518  >  9092 [ACK] Seq=389 Ack=95630 Win=166912 Len=0 TSval=2897378973 TSecr=690303918"
"129","10.111362","10.0.0.100","10.0.1.100","TCP","1514","1514","9092  >  50518 [ACK] Seq=95630 Ack=389 Win=43520 Len=1448 TSval=690303918 TSecr=2897378537 [TCP segment of a reassembled PDU]"
"130","10.123475","10.0.0.100","10.0.1.100","TCP","1514","1514","9092  >  50518 [ACK] Seq=97078 Ack=389 Win=43520 Len=1448 TSval=690303918 TSecr=2897378537 [TCP segment of a reassembled PDU]"
"131","10.123480","10.0.1.100","10.0.0.100","TCP","66","66","50518  >  9092 [ACK] Seq=389 Ack=98526 Win=173056 Len=0 TSval=2897378997 TSecr=690303918"
"132","10.135586","10.0.0.100","10.0.1.100","TCP","1514","1514","9092  >  50518 [ACK] Seq=98526 Ack=389 Win=43520 Len=1448 TSval=690303942 TSecr=2897378561 [TCP segment of a reassembled PDU]"
"133","10.147696","10.0.0.100","10.0.1.100","TCP","1514","1514","9092  >  50518 [ACK] Seq=99974 Ack=389 Win=43520 Len=1448 TSval=690303942 TSecr=2897378561 [TCP segment of a reassembled PDU]"
"134","10.147701","10.0.1.100","10.0.0.100","TCP","66","66","50518  >  9092 [ACK] Seq=389 Ack=101422 Win=174080 Len=0 TSval=2897379021 TSecr=690303942"
"135","10.159810","10.0.0.100","10.0.1.100","TCP","1514","1514","9092  >  50518 [ACK] Seq=101422 Ack=389 Win=43520 Len=1448 TSval=690303942 TSecr=2897378561 [TCP segment of a reassembled PDU]"
"136","10.171922","10.0.0.100","10.0.1.100","TCP","1514","1514","9092  >  50518 [ACK] Seq=102870 Ack=389 Win=43520 Len=1448 TSval=690303942 TSecr=2897378561 [TCP segment of a reassembled PDU]"
"137","10.171928","10.0.1.100","10.0.0.100","TCP","66","66","50518  >  9092 [ACK] Seq=389 Ack=104318 Win=174080 Len=0 TSval=2897379045 TSecr=690303942"
"138","10.184034","10.0.0.100","10.0.1.100","TCP","1514","1514","9092  >  50518 [ACK] Seq=104318 Ack=389 Win=43520 Len=1448 TSval=690303966 TSecr=2897378585 [TCP segment of a reassembled PDU]"
"139","10.196146","10.0.0.100","10.0.1.100","TCP","1514","1514","9092  >  50518 [ACK] Seq=105766 Ack=389 Win=43520 Len=1448 TSval=690303966 TSecr=2897378585 [TCP segment of a reassembled PDU]"
"140","10.196151","10.0.1.100","10.0.0.100","TCP","66","66","50518  >  9092 [ACK] Seq=389 Ack=107214 Win=174080 Len=0 TSval=2897379069 TSecr=690303966"
"141","10.208258","10.0.0.100","10.0.1.100","TCP","1514","1514","9092  >  50518 [ACK] Seq=107214 Ack=389 Win=43520 Len=1448 TSval=690303966 TSecr=2897378585 [TCP segment of a reassembled PDU]"
"142","10.220371","10.0.0.100","10.0.1.100","TCP","1514","1514","9092  >  50518 [ACK] Seq=108662 Ack=389 Win=43520 Len=1448 TSval=690303966 TSecr=2897378585 [TCP segment of a reassembled PDU]"
"143","10.220376","10.0.1.100","10.0.0.100","TCP","66","66","50518  >  9092 [ACK] Seq=389 Ack=110110 Win=174080 Len=0 TSval=2897379094 TSecr=690303966"
"144","10.232482","10.0.0.100","10.0.1.100","TCP","1514","1514","9092  >  50518 [ACK] Seq=110110 Ack=389 Win=43520 Len=1448 TSval=690303990 TSecr=2897378609 [TCP segment of a reassembled PDU]"
"145","10.244594","10.0.0.100","10.0.1.100","TCP","1514","1514","9092  >  50518 [ACK] Seq=111558 Ack=389 Win=43520 Len=1448 TSval=690303990 TSecr=2897378609 [TCP segment of a reassembled PDU]"
"146","10.244599","10.0.1.100","10.0.0.100","TCP","66","66","50518  >  9092 [ACK] Seq=389 Ack=113006 Win=174080 Len=0 TSval=2897379118 TSecr=690303990"
"147","10.256705","10.0.0.100","10.0.1.100","TCP","1514","1514","9092  >  50518 [ACK] Seq=113006 Ack=389 Win=43520 Len=1448 TSval=690303990 TSecr=2897378609 [TCP segment of a reassembled PDU]"
"148","10.268817","10.0.0.100","10.0.1.100","TCP","1514","1514","9092  >  50518 [PSH, ACK] Seq=114454 Ack=389 Win=43520 Len=1448 TSval=690303990 TSecr=2897378609 [TCP segment of a reassembled PDU]"
"149","10.268822","10.0.1.100","10.0.0.100","TCP","66","66","50518  >  9092 [ACK] Seq=389 Ack=115902 Win=174080 Len=0 TSval=2897379142 TSecr=690303990"
"150","10.280929","10.0.0.100","10.0.1.100","TCP","1514","1514","9092  >  50518 [ACK] Seq=115902 Ack=389 Win=43520 Len=1448 TSval=690304014 TSecr=2897378633 [TCP segment of a reassembled PDU]"
"151","10.293041","10.0.0.100","10.0.1.100","TCP","1514","1514","9092  >  50518 [ACK] Seq=117350 Ack=389 Win=43520 Len=1448 TSval=690304014 TSecr=2897378633 [TCP segment of a reassembled PDU]"
"152","10.293046","10.0.1.100","10.0.0.100","TCP","66","66","50518  >  9092 [ACK] Seq=389 Ack=118798 Win=174080 Len=0 TSval=2897379166 TSecr=690304014"
"153","10.305153","10.0.0.100","10.0.1.100","TCP","1514","1514","9092  >  50518 [ACK] Seq=118798 Ack=389 Win=43520 Len=1448 TSval=690304014 TSecr=2897378633 [TCP segment of a reassembled PDU]"
"154","10.317265","10.0.0.100","10.0.1.100","TCP","1514","1514","9092  >  50518 [ACK] Seq=120246 Ack=389 Win=43520 Len=1448 TSval=690304014 TSecr=2897378633 [TCP segment of a reassembled PDU]"
"155","10.317270","10.0.1.100","10.0.0.100","TCP","66","66","50518  >  9092 [ACK] Seq=389 Ack=121694 Win=174080 Len=0 TSval=2897379191 TSecr=690304014"
"156","10.329378","10.0.0.100","10.0.1.100","TCP","1514","1514","9092  >  50518 [ACK] Seq=121694 Ack=389 Win=43520 Len=1448 TSval=690304039 TSecr=2897378658 [TCP segment of a reassembled PDU]"
"157","10.341489","10.0.0.100","10.0.1.100","TCP","1514","1514","9092  >  50518 [ACK] Seq=123142 Ack=389 Win=43520 Len=1448 TSval=690304039 TSecr=2897378658 [TCP segment of a reassembled PDU]"
"158","10.341494","10.0.1.100","10.0.0.100","TCP","66","66","50518  >  9092 [ACK] Seq=389 Ack=124590 Win=174080 Len=0 TSval=2897379215 TSecr=690304039"
"159","10.353602","10.0.0.100","10.0.1.100","TCP","1514","1514","9092  >  50518 [ACK] Seq=124590 Ack=389 Win=43520 Len=1448 TSval=690304039 TSecr=2897378658 [TCP segment of a reassembled PDU]"
"160","10.365713","10.0.0.100","10.0.1.100","TCP","1514","1514","9092  >  50518 [PSH, ACK] Seq=126038 Ack=389 Win=43520 Len=1448 TSval=690304039 TSecr=2897378658 [TCP segment of a reassembled PDU]"
"161","10.365718","10.0.1.100","10.0.0.100","TCP","66","66","50518  >  9092 [ACK] Seq=389 Ack=127486 Win=174080 Len=0 TSval=2897379239 TSecr=690304039"
"162","10.377824","10.0.0.100","10.0.1.100","TCP","1514","1514","9092  >  50518 [ACK] Seq=127486 Ack=389 Win=43520 Len=1448 TSval=690304063 TSecr=2897378682 [TCP segment of a reassembled PDU]"
"163","10.389937","10.0.0.100","10.0.1.100","TCP","1514","1514","9092  >  50518 [ACK] Seq=128934 Ack=389 Win=43520 Len=1448 TSval=690304063 TSecr=2897378682 [TCP segment of a reassembled PDU]"
"164","10.389942","10.0.1.100","10.0.0.100","TCP","66","66","50518  >  9092 [ACK] Seq=389 Ack=130382 Win=174080 Len=0 TSval=2897379263 TSecr=690304063"
"165","10.402045","10.0.0.100","10.0.1.100","TCP","1514","1514","9092  >  50518 [ACK] Seq=130382 Ack=389 Win=43520 Len=1448 TSval=690304087 TSecr=2897378706 [TCP segment of a reassembled PDU]"
"166","10.414186","10.0.0.100","10.0.1.100","TCP","1514","1514","9092  >  50518 [ACK] Seq=131830 Ack=389 Win=43520 Len=1448 TSval=690304087 TSecr=2897378706 [TCP segment of a reassembled PDU]"
"167","10.414192","10.0.1.100","10.0.0.100","TCP","66","66","50518  >  9092 [ACK] Seq=389 Ack=133278 Win=174080 Len=0 TSval=2897379287 TSecr=690304087"
"168","10.426299","10.0.0.100","10.0.1.100","TCP","1514","1514","9092  >  50518 [ACK] Seq=133278 Ack=389 Win=43520 Len=1448 TSval=690304111 TSecr=2897378730 [TCP segment of a reassembled PDU]"
"169","10.438416","10.0.0.100","10.0.1.100","TCP","1514","1514","9092  >  50518 [ACK] Seq=134726 Ack=389 Win=43520 Len=1448 TSval=690304111 TSecr=2897378730 [TCP segment of a reassembled PDU]"
"170","10.438423","10.0.1.100","10.0.0.100","TCP","66","66","50518  >  9092 [ACK] Seq=389 Ack=136174 Win=177152 Len=0 TSval=2897379312 TSecr=690304111"
"171","10.450502","10.0.0.100","10.0.1.100","TCP","1514","1514","9092  >  50518 [ACK] Seq=136174 Ack=389 Win=43520 Len=1448 TSval=690304136 TSecr=2897378755 [TCP segment of a reassembled PDU]"
"172","10.462649","10.0.0.100","10.0.1.100","TCP","1514","1514","9092  >  50518 [ACK] Seq=137622 Ack=389 Win=43520 Len=1448 TSval=690304136 TSecr=2897378755 [TCP segment of a reassembled PDU]"
"173","10.462658","10.0.1.100","10.0.0.100","TCP","66","66","50518  >  9092 [ACK] Seq=389 Ack=139070 Win=182784 Len=0 TSval=2897379336 TSecr=690304136"
"174","10.474762","10.0.0.100","10.0.1.100","TCP","1514","1514","9092  >  50518 [ACK] Seq=139070 Ack=389 Win=43520 Len=1448 TSval=690304160 TSecr=2897378779 [TCP segment of a reassembled PDU]"
"175","10.486873","10.0.0.100","10.0.1.100","TCP","1514","1514","9092  >  50518 [ACK] Seq=140518 Ack=389 Win=43520 Len=1448 TSval=690304160 TSecr=2897378779 [TCP segment of a reassembled PDU]"
"176","10.486882","10.0.1.100","10.0.0.100","TCP","66","66","50518  >  9092 [ACK] Seq=389 Ack=141966 Win=188416 Len=0 TSval=2897379360 TSecr=690304160"
"177","10.498986","10.0.0.100","10.0.1.100","TCP","1514","1514","9092  >  50518 [ACK] Seq=141966 Ack=389 Win=43520 Len=1448 TSval=690304184 TSecr=2897378803 [TCP segment of a reassembled PDU]"
"178","10.511098","10.0.0.100","10.0.1.100","TCP","1514","1514","9092  >  50518 [ACK] Seq=143414 Ack=389 Win=43520 Len=1448 TSval=690304184 TSecr=2897378803 [TCP segment of a reassembled PDU]"
"179","10.511107","10.0.1.100","10.0.0.100","TCP","66","66","50518  >  9092 [ACK] Seq=389 Ack=144862 Win=194560 Len=0 TSval=2897379384 TSecr=690304184"
"180","10.523210","10.0.0.100","10.0.1.100","TCP","1514","1514","9092  >  50518 [ACK] Seq=144862 Ack=389 Win=43520 Len=1448 TSval=690304208 TSecr=2897378827 [TCP segment of a reassembled PDU]"
"181","10.535302","10.0.0.100","10.0.1.100","TCP","1514","1514","9092  >  50518 [ACK] Seq=146310 Ack=389 Win=43520 Len=1448 TSval=690304208 TSecr=2897378827 [TCP segment of a reassembled PDU]"
"182","10.535312","10.0.1.100","10.0.0.100","TCP","66","66","50518  >  9092 [ACK] Seq=389 Ack=147758 Win=200192 Len=0 TSval=2897379409 TSecr=690304208"
"183","10.547393","10.0.0.100","10.0.1.100","TCP","1514","1514","9092  >  50518 [ACK] Seq=147758 Ack=389 Win=43520 Len=1448 TSval=690304232 TSecr=2897378851 [TCP segment of a reassembled PDU]"
"184","10.559502","10.0.0.100","10.0.1.100","TCP","1514","1514","9092  >  50518 [ACK] Seq=149206 Ack=389 Win=43520 Len=1448 TSval=690304232 TSecr=2897378851 [TCP segment of a reassembled PDU]"
"185","10.559505","10.0.1.100","10.0.0.100","TCP","66","66","50518  >  9092 [ACK] Seq=389 Ack=150654 Win=205824 Len=0 TSval=2897379433 TSecr=690304232"
"186","10.571641","10.0.0.100","10.0.1.100","TCP","1514","1514","9092  >  50518 [ACK] Seq=150654 Ack=389 Win=43520 Len=1448 TSval=690304257 TSecr=2897378876 [TCP segment of a reassembled PDU]"
"187","10.583746","10.0.0.100","10.0.1.100","TCP","1514","1514","9092  >  50518 [ACK] Seq=152102 Ack=389 Win=43520 Len=1448 TSval=690304257 TSecr=2897378876 [TCP segment of a reassembled PDU]"
"188","10.583752","10.0.1.100","10.0.0.100","TCP","66","66","50518  >  9092 [ACK] Seq=389 Ack=153550 Win=211968 Len=0 TSval=2897379457 TSecr=690304257"
"189","10.595874","10.0.0.100","10.0.1.100","TCP","1514","1514","9092  >  50518 [ACK] Seq=153550 Ack=389 Win=43520 Len=1448 TSval=690304281 TSecr=2897378900 [TCP segment of a reassembled PDU]"
"190","10.607987","10.0.0.100","10.0.1.100","TCP","1514","1514","9092  >  50518 [ACK] Seq=154998 Ack=389 Win=43520 Len=1448 TSval=690304281 TSecr=2897378900 [TCP segment of a reassembled PDU]"
"191","10.607994","10.0.1.100","10.0.0.100","TCP","66","66","50518  >  9092 [ACK] Seq=389 Ack=156446 Win=217600 Len=0 TSval=2897379481 TSecr=690304281"
"192","10.620103","10.0.0.100","10.0.1.100","TCP","1514","1514","9092  >  50518 [ACK] Seq=156446 Ack=389 Win=43520 Len=1448 TSval=690304281 TSecr=2897378900 [TCP segment of a reassembled PDU]"
"193","10.632218","10.0.0.100","10.0.1.100","TCP","1514","1514","9092  >  50518 [ACK] Seq=157894 Ack=389 Win=43520 Len=1448 TSval=690304305 TSecr=2897378924 [TCP segment of a reassembled PDU]"
"194","10.632227","10.0.1.100","10.0.0.100","TCP","66","66","50518  >  9092 [ACK] Seq=389 Ack=159342 Win=223232 Len=0 TSval=2897379506 TSecr=690304281"
"195","10.644328","10.0.0.100","10.0.1.100","TCP","1514","1514","9092  >  50518 [ACK] Seq=159342 Ack=389 Win=43520 Len=1448 TSval=690304305 TSecr=2897378924 [TCP segment of a reassembled PDU]"
"196","10.656443","10.0.0.100","10.0.1.100","TCP","1514","1514","9092  >  50518 [ACK] Seq=160790 Ack=389 Win=43520 Len=1448 TSval=690304329 TSecr=2897378948 [TCP segment of a reassembled PDU]"
"197","10.656452","10.0.1.100","10.0.0.100","TCP","66","66","50518  >  9092 [ACK] Seq=389 Ack=162238 Win=229376 Len=0 TSval=2897379530 TSecr=690304305"
"198","10.668554","10.0.0.100","10.0.1.100","TCP","1514","1514","9092  >  50518 [ACK] Seq=162238 Ack=389 Win=43520 Len=1448 TSval=690304329 TSecr=2897378948 [TCP segment of a reassembled PDU]"
"199","10.680666","10.0.0.100","10.0.1.100","TCP","1514","1514","9092  >  50518 [PSH, ACK] Seq=163686 Ack=389 Win=43520 Len=1448 TSval=690304354 TSecr=2897378973 [TCP segment of a reassembled PDU]"
"200","10.680675","10.0.1.100","10.0.0.100","TCP","66","66","50518  >  9092 [ACK] Seq=389 Ack=165134 Win=235008 Len=0 TSval=2897379554 TSecr=690304329"
"201","10.692778","10.0.0.100","10.0.1.100","TCP","1514","1514","9092  >  50518 [ACK] Seq=165134 Ack=389 Win=43520 Len=1448 TSval=690304354 TSecr=2897378973 [TCP segment of a reassembled PDU]"
"202","10.704890","10.0.0.100","10.0.1.100","TCP","1514","1514","9092  >  50518 [ACK] Seq=166582 Ack=389 Win=43520 Len=1448 TSval=690304378 TSecr=2897378997 [TCP segment of a reassembled PDU]"
"203","10.704899","10.0.1.100","10.0.0.100","TCP","66","66","50518  >  9092 [ACK] Seq=389 Ack=168030 Win=240640 Len=0 TSval=2897379578 TSecr=690304354"
"204","10.717002","10.0.0.100","10.0.1.100","TCP","1514","1514","9092  >  50518 [ACK] Seq=168030 Ack=389 Win=43520 Len=1448 TSval=690304378 TSecr=2897378997 [TCP segment of a reassembled PDU]"
"205","10.729113","10.0.0.100","10.0.1.100","TCP","1514","1514","9092  >  50518 [PSH, ACK] Seq=169478 Ack=389 Win=43520 Len=1448 TSval=690304402 TSecr=2897379021 [TCP segment of a reassembled PDU]"
"206","10.729122","10.0.1.100","10.0.0.100","TCP","66","66","50518  >  9092 [ACK] Seq=389 Ack=170926 Win=246784 Len=0 TSval=2897379602 TSecr=690304378"
"207","10.741226","10.0.0.100","10.0.1.100","TCP","1514","1514","9092  >  50518 [ACK] Seq=170926 Ack=389 Win=43520 Len=1448 TSval=690304402 TSecr=2897379021 [TCP segment of a reassembled PDU]"
"208","10.753319","10.0.0.100","10.0.1.100","TCP","1514","1514","9092  >  50518 [ACK] Seq=172374 Ack=389 Win=43520 Len=1448 TSval=690304426 TSecr=2897379045 [TCP segment of a reassembled PDU]"
"209","10.753332","10.0.1.100","10.0.0.100","TCP","66","66","50518  >  9092 [ACK] Seq=389 Ack=173822 Win=252416 Len=0 TSval=2897379627 TSecr=690304402"
"210","10.765422","10.0.0.100","10.0.1.100","TCP","1514","1514","9092  >  50518 [ACK] Seq=173822 Ack=389 Win=43520 Len=1448 TSval=690304426 TSecr=2897379045 [TCP segment of a reassembled PDU]"
"211","10.777521","10.0.0.100","10.0.1.100","TCP","1514","1514","9092  >  50518 [ACK] Seq=175270 Ack=389 Win=43520 Len=1448 TSval=690304450 TSecr=2897379069 [TCP segment of a reassembled PDU]"
"212","10.777526","10.0.1.100","10.0.0.100","TCP","66","66","50518  >  9092 [ACK] Seq=389 Ack=176718 Win=258048 Len=0 TSval=2897379651 TSecr=690304426"
"213","10.789633","10.0.0.100","10.0.1.100","TCP","1514","1514","9092  >  50518 [ACK] Seq=176718 Ack=389 Win=43520 Len=1448 TSval=690304450 TSecr=2897379069 [TCP segment of a reassembled PDU]"
"214","10.801745","10.0.0.100","10.0.1.100","TCP","1514","1514","9092  >  50518 [ACK] Seq=178166 Ack=389 Win=43520 Len=1448 TSval=690304475 TSecr=2897379094 [TCP segment of a reassembled PDU]"
"215","10.801750","10.0.1.100","10.0.0.100","TCP","66","66","50518  >  9092 [ACK] Seq=389 Ack=179614 Win=263680 Len=0 TSval=2897379675 TSecr=690304450"
"216","10.813857","10.0.0.100","10.0.1.100","TCP","1514","1514","9092  >  50518 [ACK] Seq=179614 Ack=389 Win=43520 Len=1448 TSval=690304475 TSecr=2897379094 [TCP segment of a reassembled PDU]"
"217","10.825970","10.0.0.100","10.0.1.100","TCP","1514","1514","9092  >  50518 [ACK] Seq=181062 Ack=389 Win=43520 Len=1448 TSval=690304499 TSecr=2897379118 [TCP segment of a reassembled PDU]"
"218","10.825974","10.0.1.100","10.0.0.100","TCP","66","66","50518  >  9092 [ACK] Seq=389 Ack=182510 Win=269824 Len=0 TSval=2897379699 TSecr=690304475"
"219","10.838081","10.0.0.100","10.0.1.100","TCP","1514","1514","9092  >  50518 [ACK] Seq=182510 Ack=389 Win=43520 Len=1448 TSval=690304499 TSecr=2897379118 [TCP segment of a reassembled PDU]"
"220","10.850192","10.0.0.100","10.0.1.100","TCP","1514","1514","9092  >  50518 [ACK] Seq=183958 Ack=389 Win=43520 Len=1448 TSval=690304523 TSecr=2897379142 [TCP segment of a reassembled PDU]"
"221","10.850196","10.0.1.100","10.0.0.100","TCP","66","66","50518  >  9092 [ACK] Seq=389 Ack=185406 Win=275456 Len=0 TSval=2897379723 TSecr=690304499"
"222","10.862305","10.0.0.100","10.0.1.100","TCP","1514","1514","9092  >  50518 [ACK] Seq=185406 Ack=389 Win=43520 Len=1448 TSval=690304523 TSecr=2897379142 [TCP segment of a reassembled PDU]"
"223","10.874413","10.0.0.100","10.0.1.100","TCP","1514","1514","9092  >  50518 [ACK] Seq=186854 Ack=389 Win=43520 Len=1448 TSval=690304523 TSecr=2897379142 [TCP segment of a reassembled PDU]"
"224","10.874417","10.0.1.100","10.0.0.100","TCP","66","66","50518  >  9092 [ACK] Seq=389 Ack=188302 Win=281088 Len=0 TSval=2897379748 TSecr=690304523"
"225","10.886553","10.0.0.100","10.0.1.100","TCP","1514","1514","9092  >  50518 [ACK] Seq=188302 Ack=389 Win=43520 Len=1448 TSval=690304547 TSecr=2897379166 [TCP segment of a reassembled PDU]"
"226","10.898680","10.0.0.100","10.0.1.100","TCP","1514","1514","9092  >  50518 [ACK] Seq=189750 Ack=389 Win=43520 Len=1448 TSval=690304547 TSecr=2897379166 [TCP segment of a reassembled PDU]"
"227","10.898687","10.0.1.100","10.0.0.100","TCP","66","66","50518  >  9092 [ACK] Seq=389 Ack=191198 Win=287232 Len=0 TSval=2897379772 TSecr=690304547"
"228","10.910776","10.0.0.100","10.0.1.100","TCP","1514","1514","9092  >  50518 [ACK] Seq=191198 Ack=389 Win=43520 Len=1448 TSval=690304572 TSecr=2897379191 [TCP segment of a reassembled PDU]"
"229","10.922900","10.0.0.100","10.0.1.100","TCP","1514","1514","9092  >  50518 [ACK] Seq=192646 Ack=389 Win=43520 Len=1448 TSval=690304572 TSecr=2897379191 [TCP segment of a reassembled PDU]"
"230","10.922909","10.0.1.100","10.0.0.100","TCP","66","66","50518  >  9092 [ACK] Seq=389 Ack=194094 Win=292864 Len=0 TSval=2897379796 TSecr=690304572"
"231","10.935014","10.0.0.100","10.0.1.100","TCP","1514","1514","9092  >  50518 [ACK] Seq=194094 Ack=389 Win=43520 Len=1448 TSval=690304596 TSecr=2897379215 [TCP segment of a reassembled PDU]"
"232","10.947101","10.0.0.100","10.0.1.100","TCP","1514","1514","9092  >  50518 [ACK] Seq=195542 Ack=389 Win=43520 Len=1448 TSval=690304596 TSecr=2897379215 [TCP segment of a reassembled PDU]"
"233","10.947111","10.0.1.100","10.0.0.100","TCP","66","66","50518  >  9092 [ACK] Seq=389 Ack=196990 Win=298496 Len=0 TSval=2897379820 TSecr=690304596"
"234","10.959242","10.0.0.100","10.0.1.100","TCP","1514","1514","9092  >  50518 [ACK] Seq=196990 Ack=389 Win=43520 Len=1448 TSval=690304620 TSecr=2897379239 [TCP segment of a reassembled PDU]"
"235","10.971328","10.0.0.100","10.0.1.100","TCP","1514","1514","9092  >  50518 [ACK] Seq=198438 Ack=389 Win=43520 Len=1448 TSval=690304620 TSecr=2897379239 [TCP segment of a reassembled PDU]"
"236","10.971337","10.0.1.100","10.0.0.100","TCP","66","66","50518  >  9092 [ACK] Seq=389 Ack=199886 Win=304640 Len=0 TSval=2897379845 TSecr=690304620"
"237","10.983469","10.0.0.100","10.0.1.100","TCP","1514","1514","9092  >  50518 [ACK] Seq=199886 Ack=389 Win=43520 Len=1448 TSval=690304644 TSecr=2897379263 [TCP segment of a reassembled PDU]"
"238","10.995577","10.0.0.100","10.0.1.100","TCP","1514","1514","9092  >  50518 [ACK] Seq=201334 Ack=389 Win=43520 Len=1448 TSval=690304644 TSecr=2897379263 [TCP segment of a reassembled PDU]"
"239","10.995586","10.0.1.100","10.0.0.100","TCP","66","66","50518  >  9092 [ACK] Seq=389 Ack=202782 Win=310272 Len=0 TSval=2897379869 TSecr=690304644"
"240","11.007691","10.0.0.100","10.0.1.100","TCP","1514","1514","9092  >  50518 [ACK] Seq=202782 Ack=389 Win=43520 Len=1448 TSval=690304668 TSecr=2897379287 [TCP segment of a reassembled PDU]"
"241","11.019800","10.0.0.100","10.0.1.100","TCP","1514","1514","9092  >  50518 [ACK] Seq=204230 Ack=389 Win=43520 Len=1448 TSval=690304668 TSecr=2897379287 [TCP segment of a reassembled PDU]"
"242","11.019809","10.0.1.100","10.0.0.100","TCP","66","66","50518  >  9092 [ACK] Seq=389 Ack=205678 Win=315904 Len=0 TSval=2897379893 TSecr=690304668"
"243","11.031880","10.0.0.100","10.0.1.100","TCP","1514","1514","9092  >  50518 [ACK] Seq=205678 Ack=389 Win=43520 Len=1448 TSval=690304693 TSecr=2897379312 [TCP segment of a reassembled PDU]"
"244","11.043982","10.0.0.100","10.0.1.100","TCP","1514","1514","9092  >  50518 [ACK] Seq=207126 Ack=389 Win=43520 Len=1448 TSval=690304693 TSecr=2897379312 [TCP segment of a reassembled PDU]"
"245","11.043985","10.0.1.100","10.0.0.100","TCP","66","66","50518  >  9092 [ACK] Seq=389 Ack=208574 Win=320512 Len=0 TSval=2897379917 TSecr=690304693"
"246","11.056115","10.0.0.100","10.0.1.100","TCP","1514","1514","9092  >  50518 [ACK] Seq=208574 Ack=389 Win=43520 Len=1448 TSval=690304717 TSecr=2897379336 [TCP segment of a reassembled PDU]"
"247","11.068242","10.0.0.100","10.0.1.100","TCP","1514","1514","9092  >  50518 [ACK] Seq=210022 Ack=389 Win=43520 Len=1448 TSval=690304717 TSecr=2897379336 [TCP segment of a reassembled PDU]"
"248","11.068249","10.0.1.100","10.0.0.100","TCP","66","66","50518  >  9092 [ACK] Seq=389 Ack=211470 Win=320512 Len=0 TSval=2897379942 TSecr=690304717"
"249","11.080356","10.0.0.100","10.0.1.100","TCP","1514","1514","9092  >  50518 [ACK] Seq=211470 Ack=389 Win=43520 Len=1448 TSval=690304741 TSecr=2897379360 [TCP segment of a reassembled PDU]"
"250","11.092471","10.0.0.100","10.0.1.100","TCP","1514","1514","9092  >  50518 [ACK] Seq=212918 Ack=389 Win=43520 Len=1448 TSval=690304741 TSecr=2897379360 [TCP segment of a reassembled PDU]"
"251","11.092479","10.0.1.100","10.0.0.100","TCP","66","66","50518  >  9092 [ACK] Seq=389 Ack=214366 Win=320512 Len=0 TSval=2897379966 TSecr=690304741"
"252","11.104586","10.0.0.100","10.0.1.100","TCP","1514","1514","9092  >  50518 [ACK] Seq=214366 Ack=389 Win=43520 Len=1448 TSval=690304765 TSecr=2897379384 [TCP segment of a reassembled PDU]"
"253","11.116699","10.0.0.100","10.0.1.100","TCP","1514","1514","9092  >  50518 [PSH, ACK] Seq=215814 Ack=389 Win=43520 Len=1448 TSval=690304765 TSecr=2897379384 [TCP segment of a reassembled PDU]"
"254","11.116708","10.0.1.100","10.0.0.100","TCP","66","66","50518  >  9092 [ACK] Seq=389 Ack=217262 Win=320512 Len=0 TSval=2897379990 TSecr=690304765"
"255","11.128812","10.0.0.100","10.0.1.100","TCP","1514","1514","9092  >  50518 [ACK] Seq=217262 Ack=389 Win=43520 Len=1448 TSval=690304765 TSecr=2897379384 [TCP segment of a reassembled PDU]"
"256","11.140922","10.0.0.100","10.0.1.100","TCP","1514","1514","9092  >  50518 [ACK] Seq=218710 Ack=389 Win=43520 Len=1448 TSval=690304790 TSecr=2897379409 [TCP segment of a reassembled PDU]"
"257","11.140932","10.0.1.100","10.0.0.100","TCP","66","66","50518  >  9092 [ACK] Seq=389 Ack=220158 Win=320512 Len=0 TSval=2897380014 TSecr=690304765"
"258","11.153035","10.0.0.100","10.0.1.100","TCP","1514","1514","9092  >  50518 [ACK] Seq=220158 Ack=389 Win=43520 Len=1448 TSval=690304790 TSecr=2897379409 [TCP segment of a reassembled PDU]"
"259","11.165145","10.0.0.100","10.0.1.100","TCP","1514","1514","9092  >  50518 [ACK] Seq=221606 Ack=389 Win=43520 Len=1448 TSval=690304814 TSecr=2897379433 [TCP segment of a reassembled PDU]"
"260","11.165154","10.0.1.100","10.0.0.100","TCP","66","66","50518  >  9092 [ACK] Seq=389 Ack=223054 Win=320512 Len=0 TSval=2897380038 TSecr=690304790"
"261","11.177257","10.0.0.100","10.0.1.100","TCP","1514","1514","9092  >  50518 [ACK] Seq=223054 Ack=389 Win=43520 Len=1448 TSval=690304814 TSecr=2897379433 [TCP segment of a reassembled PDU]"
"262","11.189371","10.0.0.100","10.0.1.100","TCP","1514","1514","9092  >  50518 [ACK] Seq=224502 Ack=389 Win=43520 Len=1448 TSval=690304838 TSecr=2897379457 [TCP segment of a reassembled PDU]"
"263","11.189381","10.0.1.100","10.0.0.100","TCP","66","66","50518  >  9092 [ACK] Seq=389 Ack=225950 Win=320512 Len=0 TSval=2897380063 TSecr=690304814"
"264","11.201482","10.0.0.100","10.0.1.100","TCP","1514","1514","9092  >  50518 [ACK] Seq=225950 Ack=389 Win=43520 Len=1448 TSval=690304838 TSecr=2897379457 [TCP segment of a reassembled PDU]"
"265","11.213593","10.0.0.100","10.0.1.100","TCP","1514","1514","9092  >  50518 [ACK] Seq=227398 Ack=389 Win=43520 Len=1448 TSval=690304862 TSecr=2897379481 [TCP segment of a reassembled PDU]"
"266","11.213602","10.0.1.100","10.0.0.100","TCP","66","66","50518  >  9092 [ACK] Seq=389 Ack=228846 Win=320512 Len=0 TSval=2897380087 TSecr=690304838"
"267","11.225713","10.0.0.100","10.0.1.100","TCP","1514","1514","9092  >  50518 [ACK] Seq=228846 Ack=389 Win=43520 Len=1448 TSval=690304862 TSecr=2897379481 [TCP segment of a reassembled PDU]"
"268","11.237818","10.0.0.100","10.0.1.100","TCP","1514","1514","9092  >  50518 [ACK] Seq=230294 Ack=389 Win=43520 Len=1448 TSval=690304887 TSecr=2897379506 [TCP segment of a reassembled PDU]"
"269","11.237827","10.0.1.100","10.0.0.100","TCP","66","66","50518  >  9092 [ACK] Seq=389 Ack=231742 Win=320512 Len=0 TSval=2897380111 TSecr=690304862"
"270","11.249903","10.0.0.100","10.0.1.100","TCP","1514","1514","9092  >  50518 [ACK] Seq=231742 Ack=389 Win=43520 Len=1448 TSval=690304887 TSecr=2897379506 [TCP segment of a reassembled PDU]"
"271","11.262042","10.0.0.100","10.0.1.100","TCP","1514","1514","9092  >  50518 [ACK] Seq=233190 Ack=389 Win=43520 Len=1448 TSval=690304911 TSecr=2897379530 [TCP segment of a reassembled PDU]"
"272","11.262051","10.0.1.100","10.0.0.100","TCP","66","66","50518  >  9092 [ACK] Seq=389 Ack=234638 Win=320512 Len=0 TSval=2897380135 TSecr=690304887"
"273","11.274152","10.0.0.100","10.0.1.100","TCP","1514","1514","9092  >  50518 [ACK] Seq=234638 Ack=389 Win=43520 Len=1448 TSval=690304911 TSecr=2897379530 [TCP segment of a reassembled PDU]"
"274","11.286268","10.0.0.100","10.0.1.100","TCP","1514","1514","9092  >  50518 [ACK] Seq=236086 Ack=389 Win=43520 Len=1448 TSval=690304935 TSecr=2897379554 [TCP segment of a reassembled PDU]"
"275","11.286277","10.0.1.100","10.0.0.100","TCP","66","66","50518  >  9092 [ACK] Seq=389 Ack=237534 Win=320512 Len=0 TSval=2897380160 TSecr=690304911"
"276","11.298377","10.0.0.100","10.0.1.100","TCP","1514","1514","9092  >  50518 [ACK] Seq=237534 Ack=389 Win=43520 Len=1448 TSval=690304935 TSecr=2897379554 [TCP segment of a reassembled PDU]"
"277","11.310489","10.0.0.100","10.0.1.100","TCP","1514","1514","9092  >  50518 [ACK] Seq=238982 Ack=389 Win=43520 Len=1448 TSval=690304959 TSecr=2897379578 [TCP segment of a reassembled PDU]"
"278","11.310498","10.0.1.100","10.0.0.100","TCP","66","66","50518  >  9092 [ACK] Seq=389 Ack=240430 Win=320512 Len=0 TSval=2897380184 TSecr=690304935"
"279","11.322606","10.0.0.100","10.0.1.100","TCP","1514","1514","9092  >  50518 [ACK] Seq=240430 Ack=389 Win=43520 Len=1448 TSval=690304959 TSecr=2897379578 [TCP segment of a reassembled PDU]"
"280","11.334713","10.0.0.100","10.0.1.100","TCP","1514","1514","9092  >  50518 [ACK] Seq=241878 Ack=389 Win=43520 Len=1448 TSval=690304983 TSecr=2897379602 [TCP segment of a reassembled PDU]"
"281","11.334723","10.0.1.100","10.0.0.100","TCP","66","66","50518  >  9092 [ACK] Seq=389 Ack=243326 Win=320512 Len=0 TSval=2897380208 TSecr=690304959"
"282","11.346826","10.0.0.100","10.0.1.100","TCP","1514","1514","9092  >  50518 [ACK] Seq=243326 Ack=389 Win=43520 Len=1448 TSval=690304983 TSecr=2897379602 [TCP segment of a reassembled PDU]"
"283","11.358939","10.0.0.100","10.0.1.100","TCP","1514","1514","9092  >  50518 [ACK] Seq=244774 Ack=389 Win=43520 Len=1448 TSval=690305008 TSecr=2897379627 [TCP segment of a reassembled PDU]"
"284","11.358948","10.0.1.100","10.0.0.100","TCP","66","66","50518  >  9092 [ACK] Seq=389 Ack=246222 Win=320512 Len=0 TSval=2897380232 TSecr=690304983"
"285","11.371021","10.0.0.100","10.0.1.100","TCP","1514","1514","9092  >  50518 [ACK] Seq=246222 Ack=389 Win=43520 Len=1448 TSval=690305008 TSecr=2897379627 [TCP segment of a reassembled PDU]"
"286","11.383161","10.0.0.100","10.0.1.100","TCP","1514","1514","9092  >  50518 [ACK] Seq=247670 Ack=389 Win=43520 Len=1448 TSval=690305008 TSecr=2897379627 [TCP segment of a reassembled PDU]"
"287","11.383171","10.0.1.100","10.0.0.100","TCP","66","66","50518  >  9092 [ACK] Seq=389 Ack=249118 Win=320512 Len=0 TSval=2897380256 TSecr=690305008"
"288","11.395242","10.0.0.100","10.0.1.100","TCP","522","522","9092  >  50518 [PSH, ACK] Seq=249118 Ack=389 Win=43520 Len=456 TSval=690305032 TSecr=2897379651 [TCP segment of a reassembled PDU]"
"289","11.439610","10.0.1.100","10.0.0.100","TCP","66","66","50518  >  9092 [ACK] Seq=389 Ack=249574 Win=320512 Len=0 TSval=2897380313 TSecr=690305032"
"290","12.017513","10.0.1.100","10.0.0.100","MQTT","92","92","Publish Message [test/topic]"
"291","12.017570","10.0.0.100","10.0.1.100","TCP","66","66","1883  >  47499 [ACK] Seq=5 Ack=145 Win=43520 Len=0 TSval=690306272 TSecr=2897380891"
"292","15.023719","10.0.1.100","10.0.0.100","MQTT","92","92","Publish Message [test/topic]"
"293","15.023774","10.0.0.100","10.0.1.100","TCP","66","66","1883  >  47499 [ACK] Seq=5 Ack=171 Win=43520 Len=0 TSval=690309278 TSecr=2897383897"
"294","17.695626","fe80::cc51:60ff:febc:752d","ff02::2","ICMPv6","70","70","Router Solicitation from ce:51:60:bc:75:2d"
"295","18.027757","10.0.1.100","10.0.0.100","MQTT","92","92","Publish Message [test/topic]"
"296","18.027822","10.0.0.100","10.0.1.100","TCP","66","66","1883  >  47499 [ACK] Seq=5 Ack=197 Win=43520 Len=0 TSval=690312282 TSecr=2897386901"
"297","21.031713","10.0.1.100","10.0.0.100","MQTT","92","92","Publish Message [test/topic]"
"298","21.031770","10.0.0.100","10.0.1.100","TCP","66","66","1883  >  47499 [ACK] Seq=5 Ack=223 Win=43520 Len=0 TSval=690315286 TSecr=2897389905"
"299","24.035708","10.0.1.100","10.0.0.100","MQTT","92","92","Publish Message [test/topic]"
"300","24.035766","10.0.0.100","10.0.1.100","TCP","66","66","1883  >  47499 [ACK] Seq=5 Ack=249 Win=43520 Len=0 TSval=690318290 TSecr=2897392909"
"301","27.039728","10.0.1.100","10.0.0.100","MQTT","92","92","Publish Message [test/topic]"
"302","27.039785","10.0.0.100","10.0.1.100","TCP","66","66","1883  >  47499 [ACK] Seq=5 Ack=275 Win=43520 Len=0 TSval=690321294 TSecr=2897395913"
"303","30.043717","10.0.1.100","10.0.0.100","MQTT","92","92","Publish Message [test/topic]"
"304","30.043783","10.0.0.100","10.0.1.100","TCP","66","66","1883  >  47499 [ACK] Seq=5 Ack=301 Win=43520 Len=0 TSval=690324298 TSecr=2897398917"
"305","33.047184","10.0.1.100","10.0.0.100","MQTT","92","92","Publish Message [test/topic]"
"306","33.047238","10.0.0.100","10.0.1.100","TCP","66","66","1883  >  47499 [ACK] Seq=5 Ack=327 Win=43520 Len=0 TSval=690327301 TSecr=2897401920"
"307","36.047743","10.0.1.100","10.0.0.100","MQTT","92","92","Publish Message [test/topic]"
"308","36.047803","10.0.0.100","10.0.1.100","TCP","66","66","1883  >  47499 [ACK] Seq=5 Ack=353 Win=43520 Len=0 TSval=690330302 TSecr=2897404921"
"309","39.051728","10.0.1.100","10.0.0.100","MQTT","92","92","Publish Message [test/topic]"
"310","39.051787","10.0.0.100","10.0.1.100","TCP","66","66","1883  >  47499 [ACK] Seq=5 Ack=379 Win=43520 Len=0 TSval=690333306 TSecr=2897407925"
"311","42.059716","10.0.1.100","10.0.0.100","MQTT","92","92","Publish Message [test/topic]"
"312","42.059783","10.0.0.100","10.0.1.100","TCP","66","66","1883  >  47499 [ACK] Seq=5 Ack=405 Win=43520 Len=0 TSval=690336314 TSecr=2897410933"
"313","45.063711","10.0.1.100","10.0.0.100","MQTT","92","92","Publish Message [test/topic]"
"314","45.063771","10.0.0.100","10.0.1.100","TCP","66","66","1883  >  47499 [ACK] Seq=5 Ack=431 Win=43520 Len=0 TSval=690339318 TSecr=2897413937"
"315","47.903651","fe80::cc51:60ff:febc:752d","ff02::2","ICMPv6","70","70","Router Solicitation from ce:51:60:bc:75:2d"
"316","48.071710","10.0.1.100","10.0.0.100","MQTT","92","92","Publish Message [test/topic]"
"317","48.071764","10.0.0.100","10.0.1.100","TCP","66","66","1883  >  47499 [ACK] Seq=5 Ack=457 Win=43520 Len=0 TSval=690342326 TSecr=2897416945"
"318","51.078782","10.0.1.100","10.0.0.100","MQTT","92","92","Publish Message [test/topic]"
"319","51.078844","10.0.0.100","10.0.1.100","TCP","66","66","1883  >  47499 [ACK] Seq=5 Ack=483 Win=43520 Len=0 TSval=690345333 TSecr=2897419952"
"320","53.280250","7a:22:22:99:ab:24","32:13:83:68:5e:4e","ARP","42","42","Who has 10.0.1.100? Tell 10.0.1.1"
"321","53.280258","32:13:83:68:5e:4e","7a:22:22:99:ab:24","ARP","42","42","10.0.1.100 is at 32:13:83:68:5e:4e"
"322","54.081560","10.0.1.100","10.0.0.100","MQTT","92","92","Publish Message [test/topic]"
"323","54.081615","10.0.0.100","10.0.1.100","TCP","66","66","1883  >  47499 [ACK] Seq=5 Ack=509 Win=43520 Len=0 TSval=690348336 TSecr=2897422955"
"324","57.087718","10.0.1.100","10.0.0.100","MQTT","92","92","Publish Message [test/topic]"
"325","57.087782","10.0.0.100","10.0.1.100","TCP","66","66","1883  >  47499 [ACK] Seq=5 Ack=535 Win=43520 Len=0 TSval=690351342 TSecr=2897425961"
"326","60.091018","10.0.1.100","10.0.0.100","MQTT","92","92","Publish Message [test/topic]"
"327","60.091073","10.0.0.100","10.0.1.100","TCP","66","66","1883  >  47499 [ACK] Seq=5 Ack=561 Win=43520 Len=0 TSval=690354345 TSecr=2897428964"
"328","63.095579","10.0.1.100","10.0.0.100","MQTT","92","92","Publish Message [test/topic]"
"329","63.095656","10.0.0.100","10.0.1.100","TCP","66","66","1883  >  47499 [ACK] Seq=5 Ack=587 Win=43520 Len=0 TSval=690357350 TSecr=2897431969"
"330","66.101404","10.0.1.100","10.0.0.100","MQTT","92","92","Publish Message [test/topic]"
"331","66.101459","10.0.0.100","10.0.1.100","TCP","66","66","1883  >  47499 [ACK] Seq=5 Ack=613 Win=43520 Len=0 TSval=690360355 TSecr=2897434974"
"332","69.103763","10.0.1.100","10.0.0.100","MQTT","92","92","Publish Message [test/topic]"
"333","69.103837","10.0.0.100","10.0.1.100","TCP","66","66","1883  >  47499 [ACK] Seq=5 Ack=639 Win=43520 Len=0 TSval=690363358 TSecr=2897437977"
"334","72.111706","10.0.1.100","10.0.0.100","MQTT","92","92","Publish Message [test/topic]"
"335","72.111762","10.0.0.100","10.0.1.100","TCP","66","66","1883  >  47499 [ACK] Seq=5 Ack=665 Win=43520 Len=0 TSval=690366366 TSecr=2897440985"
"336","75.115738","10.0.1.100","10.0.0.100","MQTT","92","92","Publish Message [test/topic]"
"337","75.115799","10.0.0.100","10.0.1.100","TCP","66","66","1883  >  47499 [ACK] Seq=5 Ack=691 Win=43520 Len=0 TSval=690369370 TSecr=2897443989"
"338","78.119718","10.0.1.100","10.0.0.100","MQTT","92","92","Publish Message [test/topic]"
"339","78.119780","10.0.0.100","10.0.1.100","TCP","66","66","1883  >  47499 [ACK] Seq=5 Ack=717 Win=43520 Len=0 TSval=690372374 TSecr=2897446993"
"340","81.121753","10.0.1.100","10.0.0.100","MQTT","92","92","Publish Message [test/topic]"
"341","81.121812","10.0.0.100","10.0.1.100","TCP","66","66","1883  >  47499 [ACK] Seq=5 Ack=743 Win=43520 Len=0 TSval=690375376 TSecr=2897449995"
"342","84.125833","10.0.1.100","10.0.0.100","MQTT","92","92","Publish Message [test/topic]"
"343","84.125894","10.0.0.100","10.0.1.100","TCP","66","66","1883  >  47499 [ACK] Seq=5 Ack=769 Win=43520 Len=0 TSval=690378380 TSecr=2897452999"
"344","87.135708","10.0.1.100","10.0.0.100","MQTT","92","92","Publish Message [test/topic]"
"345","87.135763","10.0.0.100","10.0.1.100","TCP","66","66","1883  >  47499 [ACK] Seq=5 Ack=795 Win=43520 Len=0 TSval=690381390 TSecr=2897456009"
"346","90.143754","10.0.1.100","10.0.0.100","MQTT","92","92","Publish Message [test/topic]"
"347","90.143827","10.0.0.100","10.0.1.100","TCP","66","66","1883  >  47499 [ACK] Seq=5 Ack=821 Win=43520 Len=0 TSval=690384398 TSecr=2897459017"
"348","93.149440","10.0.1.100","10.0.0.100","MQTT","92","92","Publish Message [test/topic]"
"349","93.149496","10.0.0.100","10.0.1.100","TCP","66","66","1883  >  47499 [ACK] Seq=5 Ack=847 Win=43520 Len=0 TSval=690387403 TSecr=2897462022"
"350","95.267770","7a:22:22:99:ab:24","32:13:83:68:5e:4e","ARP","42","42","Who has 10.0.1.100? Tell 10.0.1.1"
"351","95.267780","32:13:83:68:5e:4e","7a:22:22:99:ab:24","ARP","42","42","10.0.1.100 is at 32:13:83:68:5e:4e"
"352","96.151735","10.0.1.100","10.0.0.100","MQTT","92","92","Publish Message [test/topic]"
"353","96.151795","10.0.0.100","10.0.1.100","TCP","66","66","1883  >  47499 [ACK] Seq=5 Ack=873 Win=43520 Len=0 TSval=690390406 TSecr=2897465025"
"354","99.155685","10.0.1.100","10.0.0.100","MQTT","92","92","Publish Message [test/topic]"
"355","99.155743","10.0.0.100","10.0.1.100","TCP","66","66","1883  >  47499 [ACK] Seq=5 Ack=899 Win=43520 Len=0 TSval=690393410 TSecr=2897468028"
"356","102.174473","10.0.1.100","10.0.0.100","MQTT","92","92","Publish Message [test/topic]"
"357","102.174532","10.0.0.100","10.0.1.100","TCP","66","66","1883  >  47499 [ACK] Seq=5 Ack=925 Win=43520 Len=0 TSval=690396428 TSecr=2897471047"
"358","105.178320","10.0.1.100","10.0.0.100","MQTT","92","92","Publish Message [test/topic]"
"359","105.178375","10.0.0.100","10.0.1.100","TCP","66","66","1883  >  47499 [ACK] Seq=5 Ack=951 Win=43520 Len=0 TSval=690399432 TSecr=2897474051"
"360","107.295649","fe80::cc51:60ff:febc:752d","ff02::2","ICMPv6","70","70","Router Solicitation from ce:51:60:bc:75:2d"
"361","108.179749","10.0.1.100","10.0.0.100","MQTT","92","92","Publish Message [test/topic]"
"362","108.179810","10.0.0.100","10.0.1.100","TCP","66","66","1883  >  47499 [ACK] Seq=5 Ack=977 Win=43520 Len=0 TSval=690402434 TSecr=2897477052"
"363","111.183738","10.0.1.100","10.0.0.100","MQTT","92","92","Publish Message [test/topic]"
"364","111.183798","10.0.0.100","10.0.1.100","TCP","66","66","1883  >  47499 [ACK] Seq=5 Ack=1003 Win=43520 Len=0 TSval=690405438 TSecr=2897480056"
"365","114.187715","10.0.1.100","10.0.0.100","MQTT","92","92","Publish Message [test/topic]"
"366","114.187772","10.0.0.100","10.0.1.100","TCP","66","66","1883  >  47499 [ACK] Seq=5 Ack=1029 Win=43520 Len=0 TSval=690408441 TSecr=2897483060"
"367","117.191947","10.0.1.100","10.0.0.100","MQTT","92","92","Publish Message [test/topic]"
"368","117.192008","10.0.0.100","10.0.1.100","TCP","66","66","1883  >  47499 [ACK] Seq=5 Ack=1055 Win=43520 Len=0 TSval=690411446 TSecr=2897486065"
"369","120.199739","10.0.1.100","10.0.0.100","MQTT","92","92","Publish Message [test/topic]"
"370","120.199800","10.0.0.100","10.0.1.100","TCP","66","66","1883  >  47499 [ACK] Seq=5 Ack=1081 Win=43520 Len=0 TSval=690414453 TSecr=2897489072"
"371","123.202958","10.0.1.100","10.0.0.100","MQTT","92","92","Publish Message [test/topic]"
"372","123.203017","10.0.0.100","10.0.1.100","TCP","66","66","1883  >  47499 [ACK] Seq=5 Ack=1107 Win=43520 Len=0 TSval=690417457 TSecr=2897492076"
"373","126.203722","10.0.1.100","10.0.0.100","MQTT","92","92","Publish Message [test/topic]"
"374","126.203777","10.0.0.100","10.0.1.100","TCP","66","66","1883  >  47499 [ACK] Seq=5 Ack=1133 Win=43520 Len=0 TSval=690420457 TSecr=2897495076"
"375","129.215716","10.0.1.100","10.0.0.100","MQTT","92","92","Publish Message [test/topic]"
"376","129.215776","10.0.0.100","10.0.1.100","TCP","66","66","1883  >  47499 [ACK] Seq=5 Ack=1159 Win=43520 Len=0 TSval=690423469 TSecr=2897498088"
"377","132.221839","10.0.1.100","10.0.0.100","MQTT","92","92","Publish Message [test/topic]"
"378","132.221900","10.0.0.100","10.0.1.100","TCP","66","66","1883  >  47499 [ACK] Seq=5 Ack=1185 Win=43520 Len=0 TSval=690426475 TSecr=2897501094"
"379","135.227740","10.0.1.100","10.0.0.100","MQTT","92","92","Publish Message [test/topic]"
"380","135.227796","10.0.0.100","10.0.1.100","TCP","66","66","1883  >  47499 [ACK] Seq=5 Ack=1211 Win=43520 Len=0 TSval=690429481 TSecr=2897504100"
"381","137.247780","7a:22:22:99:ab:24","32:13:83:68:5e:4e","ARP","42","42","Who has 10.0.1.100? Tell 10.0.1.1"
"382","137.247788","32:13:83:68:5e:4e","7a:22:22:99:ab:24","ARP","42","42","10.0.1.100 is at 32:13:83:68:5e:4e"
"383","138.232953","10.0.1.100","10.0.0.100","MQTT","92","92","Publish Message [test/topic]"
"384","138.233014","10.0.0.100","10.0.1.100","TCP","66","66","1883  >  47499 [ACK] Seq=5 Ack=1237 Win=43520 Len=0 TSval=690432487 TSecr=2897507106"
"385","141.239730","10.0.1.100","10.0.0.100","MQTT","92","92","Publish Message [test/topic]"
"386","141.239792","10.0.0.100","10.0.1.100","TCP","66","66","1883  >  47499 [ACK] Seq=5 Ack=1263 Win=43520 Len=0 TSval=690435493 TSecr=2897510112"
"387","144.240759","10.0.1.100","10.0.0.100","MQTT","92","92","Publish Message [test/topic]"
"388","144.240831","10.0.0.100","10.0.1.100","TCP","66","66","1883  >  47499 [ACK] Seq=5 Ack=1289 Win=43520 Len=0 TSval=690438494 TSecr=2897513113"
"389","147.247709","10.0.1.100","10.0.0.100","MQTT","92","92","Publish Message [test/topic]"
"390","147.247764","10.0.0.100","10.0.1.100","TCP","66","66","1883  >  47499 [ACK] Seq=5 Ack=1315 Win=43520 Len=0 TSval=690441501 TSecr=2897516120"
"391","150.250919","10.0.1.100","10.0.0.100","MQTT","92","92","Publish Message [test/topic]"
"392","150.250976","10.0.0.100","10.0.1.100","TCP","66","66","1883  >  47499 [ACK] Seq=5 Ack=1341 Win=43520 Len=0 TSval=690444504 TSecr=2897519123"
"393","153.255709","10.0.1.100","10.0.0.100","MQTT","92","92","Publish Message [test/topic]"
"394","153.255765","10.0.0.100","10.0.1.100","TCP","66","66","1883  >  47499 [ACK] Seq=5 Ack=1367 Win=43520 Len=0 TSval=690447509 TSecr=2897522128"
"395","156.259736","10.0.1.100","10.0.0.100","MQTT","92","92","Publish Message [test/topic]"
"396","156.259805","10.0.0.100","10.0.1.100","TCP","66","66","1883  >  47499 [ACK] Seq=5 Ack=1393 Win=43520 Len=0 TSval=690450513 TSecr=2897525132"
"397","159.263724","10.0.1.100","10.0.0.100","MQTT","92","92","Publish Message [test/topic]"
"398","159.263784","10.0.0.100","10.0.1.100","TCP","66","66","1883  >  47499 [ACK] Seq=5 Ack=1419 Win=43520 Len=0 TSval=690453517 TSecr=2897528136"
"399","162.267633","10.0.1.100","10.0.0.100","MQTT","92","92","Publish Message [test/topic]"
"400","162.267702","10.0.0.100","10.0.1.100","TCP","66","66","1883  >  47499 [ACK] Seq=5 Ack=1445 Win=43520 Len=0 TSval=690456521 TSecr=2897531140"
"401","165.270852","10.0.1.100","10.0.0.100","MQTT","92","92","Publish Message [test/topic]"
"402","165.270912","10.0.0.100","10.0.1.100","TCP","66","66","1883  >  47499 [ACK] Seq=5 Ack=1471 Win=43520 Len=0 TSval=690459524 TSecr=2897534143"
"403","168.275758","10.0.1.100","10.0.0.100","MQTT","92","92","Publish Message [test/topic]"
"404","168.275817","10.0.0.100","10.0.1.100","TCP","66","66","1883  >  47499 [ACK] Seq=5 Ack=1497 Win=43520 Len=0 TSval=690462529 TSecr=2897537148"
"405","171.279652","10.0.1.100","10.0.0.100","MQTT","92","92","Publish Message [test/topic]"
"406","171.279711","10.0.0.100","10.0.1.100","TCP","66","66","1883  >  47499 [ACK] Seq=5 Ack=1523 Win=43520 Len=0 TSval=690465533 TSecr=2897540152"
"407","174.283725","10.0.1.100","10.0.0.100","MQTT","92","92","Publish Message [test/topic]"
"408","174.283787","10.0.0.100","10.0.1.100","TCP","66","66","1883  >  47499 [ACK] Seq=5 Ack=1549 Win=43520 Len=0 TSval=690468537 TSecr=2897543156"
"409","177.291722","10.0.1.100","10.0.0.100","MQTT","92","92","Publish Message [test/topic]"
"410","177.291777","10.0.0.100","10.0.1.100","TCP","66","66","1883  >  47499 [ACK] Seq=5 Ack=1575 Win=43520 Len=0 TSval=690471545 TSecr=2897546164"
"411","179.491733","7a:22:22:99:ab:24","32:13:83:68:5e:4e","ARP","42","42","Who has 10.0.1.100? Tell 10.0.1.1"
"412","179.491743","32:13:83:68:5e:4e","7a:22:22:99:ab:24","ARP","42","42","10.0.1.100 is at 32:13:83:68:5e:4e"
"413","180.299711","10.0.1.100","10.0.0.100","MQTT","92","92","Publish Message [test/topic]"
"414","180.299768","10.0.0.100","10.0.1.100","TCP","66","66","1883  >  47499 [ACK] Seq=5 Ack=1601 Win=43520 Len=0 TSval=690474553 TSecr=2897549172"
"415","183.307713","10.0.1.100","10.0.0.100","MQTT","92","92","Publish Message [test/topic]"
"416","183.307772","10.0.0.100","10.0.1.100","TCP","66","66","1883  >  47499 [ACK] Seq=5 Ack=1627 Win=43520 Len=0 TSval=690477561 TSecr=2897552180"
"417","186.312972","10.0.1.100","10.0.0.100","MQTT","92","92","Publish Message [test/topic]"
"418","186.313025","10.0.0.100","10.0.1.100","TCP","66","66","1883  >  47499 [ACK] Seq=5 Ack=1653 Win=43520 Len=0 TSval=690480566 TSecr=2897555185"
"419","189.315736","10.0.1.100","10.0.0.100","MQTT","92","92","Publish Message [test/topic]"
"420","189.315799","10.0.0.100","10.0.1.100","TCP","66","66","1883  >  47499 [ACK] Seq=5 Ack=1679 Win=43520 Len=0 TSval=690483569 TSecr=2897558188"
"421","192.319730","10.0.1.100","10.0.0.100","MQTT","92","92","Publish Message [test/topic]"
"422","192.319792","10.0.0.100","10.0.1.100","TCP","66","66","1883  >  47499 [ACK] Seq=5 Ack=1705 Win=43520 Len=0 TSval=690486573 TSecr=2897561192"
"423","195.327713","10.0.1.100","10.0.0.100","MQTT","92","92","Publish Message [test/topic]"
"424","195.327772","10.0.0.100","10.0.1.100","TCP","66","66","1883  >  47499 [ACK] Seq=5 Ack=1731 Win=43520 Len=0 TSval=690489581 TSecr=2897564200"
"425","198.335717","10.0.1.100","10.0.0.100","MQTT","92","92","Publish Message [test/topic]"
"426","198.335783","10.0.0.100","10.0.1.100","TCP","66","66","1883  >  47499 [ACK] Seq=5 Ack=1757 Win=43520 Len=0 TSval=690492589 TSecr=2897567208"
"427","201.338927","10.0.1.100","10.0.0.100","MQTT","92","92","Publish Message [test/topic]"
"428","201.338982","10.0.0.100","10.0.1.100","TCP","66","66","1883  >  47499 [ACK] Seq=5 Ack=1783 Win=43520 Len=0 TSval=690495592 TSecr=2897570211"
"429","203.555785","7a:22:22:99:ab:24","32:13:83:68:5e:4e","ARP","42","42","Who has 10.0.1.100? Tell 10.0.1.1"
"430","203.555793","32:13:83:68:5e:4e","7a:22:22:99:ab:24","ARP","42","42","10.0.1.100 is at 32:13:83:68:5e:4e"
"431","204.339733","10.0.1.100","10.0.0.100","MQTT","92","92","Publish Message [test/topic]"
"432","204.339789","10.0.0.100","10.0.1.100","TCP","66","66","1883  >  47499 [ACK] Seq=5 Ack=1809 Win=43520 Len=0 TSval=690498593 TSecr=2897573212"
"433","207.341805","10.0.1.100","10.0.0.100","MQTT","92","92","Publish Message [test/topic]"
"434","207.341861","10.0.0.100","10.0.1.100","TCP","66","66","1883  >  47499 [ACK] Seq=5 Ack=1835 Win=43520 Len=0 TSval=690501595 TSecr=2897576214"
"435","210.343731","10.0.1.100","10.0.0.100","MQTT","92","92","Publish Message [test/topic]"
"436","210.343797","10.0.0.100","10.0.1.100","TCP","66","66","1883  >  47499 [ACK] Seq=5 Ack=1861 Win=43520 Len=0 TSval=690504597 TSecr=2897579216"
"437","213.347725","10.0.1.100","10.0.0.100","MQTT","92","92","Publish Message [test/topic]"
"438","213.347779","10.0.0.100","10.0.1.100","TCP","66","66","1883  >  47499 [ACK] Seq=5 Ack=1887 Win=43520 Len=0 TSval=690507601 TSecr=2897582220"
"439","216.355726","10.0.1.100","10.0.0.100","MQTT","92","92","Publish Message [test/topic]"
"440","216.355800","10.0.0.100","10.0.1.100","TCP","66","66","1883  >  47499 [ACK] Seq=5 Ack=1913 Win=43520 Len=0 TSval=690510609 TSecr=2897585228"
"441","219.327583","10.0.0.100","10.0.1.100","TCP","83","83","9092  >  50518 [PSH, ACK] Seq=249574 Ack=389 Win=43520 Len=17 TSval=690513579 TSecr=2897380313 [TCP segment of a reassembled PDU]"
"442","219.327589","10.0.1.100","10.0.0.100","TCP","66","66","50518  >  9092 [ACK] Seq=389 Ack=249591 Win=320512 Len=0 TSval=2897588200 TSecr=690513579"
"443","219.333359","10.0.1.100","10.0.0.100","TCP","83","83","50518  >  9092 [PSH, ACK] Seq=389 Ack=249591 Win=320512 Len=17 TSval=2897588205 TSecr=690513579 [TCP segment of a reassembled PDU]"
"444","219.363728","10.0.1.100","10.0.0.100","MQTT","92","92","Publish Message [test/topic]"
"445","219.363762","10.0.0.100","10.0.1.100","TCP","66","66","1883  >  47499 [ACK] Seq=5 Ack=1939 Win=43520 Len=0 TSval=690513617 TSecr=2897588236"
"446","219.376035","10.0.0.100","10.0.1.100","TCP","66","66","9092  >  50518 [ACK] Seq=249591 Ack=406 Win=43520 Len=0 TSval=690513629 TSecr=2897588205"
"447","219.935638","fe80::cc51:60ff:febc:752d","ff02::2","ICMPv6","70","70","Router Solicitation from ce:51:60:bc:75:2d"
"448","222.371713","10.0.1.100","10.0.0.100","MQTT","92","92","Publish Message [test/topic]"
"449","222.371772","10.0.0.100","10.0.1.100","TCP","66","66","1883  >  47499 [ACK] Seq=5 Ack=1965 Win=43520 Len=0 TSval=690516625 TSecr=2897591244"
"450","225.375466","10.0.1.100","10.0.0.100","MQTT","92","92","Publish Message [test/topic]"
"451","225.375523","10.0.0.100","10.0.1.100","TCP","66","66","1883  >  47499 [ACK] Seq=5 Ack=1991 Win=43520 Len=0 TSval=690519629 TSecr=2897594248"
"452","227.619763","7a:22:22:99:ab:24","32:13:83:68:5e:4e","ARP","42","42","Who has 10.0.1.100? Tell 10.0.1.1"
"453","227.619772","32:13:83:68:5e:4e","7a:22:22:99:ab:24","ARP","42","42","10.0.1.100 is at 32:13:83:68:5e:4e"
"454","228.375721","10.0.1.100","10.0.0.100","MQTT","92","92","Publish Message [test/topic]"
"455","228.375782","10.0.0.100","10.0.1.100","TCP","66","66","1883  >  47499 [ACK] Seq=5 Ack=2017 Win=43520 Len=0 TSval=690522629 TSecr=2897597248"
"456","231.380745","10.0.1.100","10.0.0.100","MQTT","92","92","Publish Message [test/topic]"
"457","231.380798","10.0.0.100","10.0.1.100","TCP","66","66","1883  >  47499 [ACK] Seq=5 Ack=2043 Win=43520 Len=0 TSval=690525634 TSecr=2897600253"
"458","234.387727","10.0.1.100","10.0.0.100","MQTT","92","92","Publish Message [test/topic]"
"459","234.387782","10.0.0.100","10.0.1.100","TCP","66","66","1883  >  47499 [ACK] Seq=5 Ack=2069 Win=43520 Len=0 TSval=690528641 TSecr=2897603260"
"460","237.395762","10.0.1.100","10.0.0.100","MQTT","92","92","Publish Message [test/topic]"
"461","237.395813","10.0.0.100","10.0.1.100","TCP","66","66","1883  >  47499 [ACK] Seq=5 Ack=2095 Win=43520 Len=0 TSval=690531649 TSecr=2897606268"
"462","240.401517","10.0.1.100","10.0.0.100","MQTT","92","92","Publish Message [test/topic]"
"463","240.401570","10.0.0.100","10.0.1.100","TCP","66","66","1883  >  47499 [ACK] Seq=5 Ack=2121 Win=43520 Len=0 TSval=690534655 TSecr=2897609274"
"464","243.407731","10.0.1.100","10.0.0.100","MQTT","92","92","Publish Message [test/topic]"
"465","243.407792","10.0.0.100","10.0.1.100","TCP","66","66","1883  >  47499 [ACK] Seq=5 Ack=2147 Win=43520 Len=0 TSval=690537661 TSecr=2897612280"
"466","246.411027","10.0.1.100","10.0.0.100","MQTT","92","92","Publish Message [test/topic]"
"467","246.411086","10.0.0.100","10.0.1.100","TCP","66","66","1883  >  47499 [ACK] Seq=5 Ack=2173 Win=43520 Len=0 TSval=690540664 TSecr=2897615283"
"468","249.419714","10.0.1.100","10.0.0.100","MQTT","92","92","Publish Message [test/topic]"
"469","249.419776","10.0.0.100","10.0.1.100","TCP","66","66","1883  >  47499 [ACK] Seq=5 Ack=2199 Win=43520 Len=0 TSval=690543673 TSecr=2897618292"
"470","251.423778","7a:22:22:99:ab:24","32:13:83:68:5e:4e","ARP","42","42","Who has 10.0.1.100? Tell 10.0.1.1"
"471","251.423785","32:13:83:68:5e:4e","7a:22:22:99:ab:24","ARP","42","42","10.0.1.100 is at 32:13:83:68:5e:4e"
"472","252.431718","10.0.1.100","10.0.0.100","MQTT","92","92","Publish Message [test/topic]"
"473","252.431781","10.0.0.100","10.0.1.100","TCP","66","66","1883  >  47499 [ACK] Seq=5 Ack=2225 Win=43520 Len=0 TSval=690546685 TSecr=2897621304"
